{
  "benchmark": "docvqa",
  "method": "stratified_eviction",
  "compression_ratio": 0.5,
  "vision_weight": 0.3,
  "accuracy": 83.09964479341933,
  "correct": 4445,
  "total": 5349,
  "avg_prefill_ms": 1802.1601929007613,
  "avg_decode_ms": 311.0078646263512,
  "avg_peak_mem_gb": 9.65026025419948,
  "avg_throughput": 3.3915591095691013,
  "avg_img_tokens": 3662.3036081510563
}