{
  "benchmark": "docvqa",
  "method": "stratified_eviction",
  "compression_ratio": 0.3,
  "vision_weight": 0.5,
  "accuracy": 87.11908767994018,
  "correct": 4660,
  "total": 5349,
  "avg_prefill_ms": 1776.8633125862868,
  "avg_decode_ms": 312.6095268433507,
  "avg_peak_mem_gb": 9.737885690065363,
  "avg_throughput": 3.4296111425247955,
  "avg_img_tokens": 3662.3036081510563
}