{
  "benchmark": "docvqa",
  "method": "stratified_eviction",
  "compression_ratio": 0.5,
  "vision_weight": 0.2,
  "accuracy": 83.09964479341933,
  "correct": 4445,
  "total": 5349,
  "avg_prefill_ms": 1772.5111635200642,
  "avg_decode_ms": 314.4106249906433,
  "avg_peak_mem_gb": 9.65026025419948,
  "avg_throughput": 3.425811615704988,
  "avg_img_tokens": 3662.3036081510563
}