{
  "benchmark": "docvqa",
  "method": "stratified_eviction",
  "compression_ratio": 0.5,
  "vision_weight": 0.5,
  "accuracy": 83.09964479341933,
  "correct": 4445,
  "total": 5349,
  "avg_prefill_ms": 1771.0062136618885,
  "avg_decode_ms": 311.33560087382625,
  "avg_peak_mem_gb": 9.65026025419948,
  "avg_throughput": 3.436345980642024,
  "avg_img_tokens": 3662.3036081510563
}