{
  "benchmark": "docvqa",
  "method": "h2o",
  "compression_ratio": 0.5,
  "vision_weight": null,
  "accuracy": 83.0622546270331,
  "correct": 4443,
  "total": 5349,
  "avg_prefill_ms": 1769.2812083884921,
  "avg_decode_ms": 312.4663851815176,
  "avg_peak_mem_gb": 9.65026025419948,
  "avg_throughput": 3.440797496538799,
  "avg_img_tokens": 3662.3036081510563
}