{
  "benchmark": "docvqa",
  "method": "stratified_eviction",
  "compression_ratio": 0.7,
  "vision_weight": 0.2,
  "accuracy": 73.5464572817349,
  "correct": 3934,
  "total": 5349,
  "avg_prefill_ms": 1797.416361701981,
  "avg_decode_ms": 314.4464442634119,
  "avg_peak_mem_gb": 9.649710058559174,
  "avg_throughput": 3.387763650867223,
  "avg_img_tokens": 3662.3036081510563
}