{
  "benchmark": "docvqa",
  "method": "h2o",
  "compression_ratio": 0.7,
  "vision_weight": null,
  "accuracy": 73.41559169938307,
  "correct": 3927,
  "total": 5349,
  "avg_prefill_ms": 1790.0405835807603,
  "avg_decode_ms": 317.3998392775117,
  "avg_peak_mem_gb": 9.649710058559174,
  "avg_throughput": 3.384960204563275,
  "avg_img_tokens": 3662.3036081510563
}