{
  "benchmark": "docvqa",
  "method": "h2o",
  "compression_ratio": 0.3,
  "vision_weight": null,
  "accuracy": 87.15647784632642,
  "correct": 4662,
  "total": 5349,
  "avg_prefill_ms": 1791.4947318067996,
  "avg_decode_ms": 314.03010835788433,
  "avg_peak_mem_gb": 9.737885690065363,
  "avg_throughput": 3.409924935743041,
  "avg_img_tokens": 3662.3036081510563
}