{
  "benchmark": "docvqa",
  "method": "stratified_eviction",
  "compression_ratio": 0.3,
  "vision_weight": 0.2,
  "accuracy": 87.11908767994018,
  "correct": 4660,
  "total": 5349,
  "avg_prefill_ms": 1787.6691236711704,
  "avg_decode_ms": 309.3320928271585,
  "avg_peak_mem_gb": 9.737885690065363,
  "avg_throughput": 3.430321612007407,
  "avg_img_tokens": 3662.3036081510563
}