{
  "benchmark": "docvqa",
  "method": "stratified_eviction",
  "compression_ratio": 0.7,
  "vision_weight": 0.3,
  "accuracy": 73.5464572817349,
  "correct": 3934,
  "total": 5349,
  "avg_prefill_ms": 1776.9995450319186,
  "avg_decode_ms": 319.7048158872058,
  "avg_peak_mem_gb": 9.649710058559174,
  "avg_throughput": 3.397596891599741,
  "avg_img_tokens": 3662.3036081510563
}