{
  "benchmark": "mathvista",
  "method": "stratified_eviction",
  "compression_ratio": 0.7,
  "vision_weight": 0.5,
  "accuracy": 28.999999999999996,
  "correct": 290,
  "total": 1000,
  "avg_prefill_ms": 295.25602836608886,
  "avg_decode_ms": 331.35498307800293,
  "avg_peak_mem_gb": 9.01468642969601,
  "avg_throughput": 9.975196099785519,
  "avg_img_tokens": 429.661
}