{
  "benchmark": "mathvista",
  "method": "stratified_eviction",
  "compression_ratio": 0.5,
  "vision_weight": 0.3,
  "accuracy": 33.900000000000006,
  "correct": 339,
  "total": 1000,
  "avg_prefill_ms": 292.0366331329346,
  "avg_decode_ms": 326.63044035339357,
  "avg_peak_mem_gb": 9.022679330304008,
  "avg_throughput": 9.779597277170899,
  "avg_img_tokens": 429.661
}