{
  "benchmark": "mathvista",
  "method": "stratified_eviction",
  "compression_ratio": 0.7,
  "vision_weight": 0.2,
  "accuracy": 28.999999999999996,
  "correct": 290,
  "total": 1000,
  "avg_prefill_ms": 293.4581471557617,
  "avg_decode_ms": 342.6220506286621,
  "avg_peak_mem_gb": 9.01468642969601,
  "avg_throughput": 9.757542181496005,
  "avg_img_tokens": 429.661
}