{
  "benchmark": "mathvista",
  "method": "h2o",
  "compression_ratio": 0.7,
  "vision_weight": null,
  "accuracy": 28.999999999999996,
  "correct": 290,
  "total": 1000,
  "avg_prefill_ms": 287.75272242736816,
  "avg_decode_ms": 332.3766523132324,
  "avg_peak_mem_gb": 9.01468642969601,
  "avg_throughput": 9.9044563166523,
  "avg_img_tokens": 429.661
}