{
  "benchmark": "mathvista",
  "method": "stratified_eviction",
  "compression_ratio": 0.5,
  "vision_weight": 0.5,
  "accuracy": 33.900000000000006,
  "correct": 339,
  "total": 1000,
  "avg_prefill_ms": 292.65285598754883,
  "avg_decode_ms": 325.5622026824951,
  "avg_peak_mem_gb": 9.022677911040006,
  "avg_throughput": 9.797263972494006,
  "avg_img_tokens": 429.661
}