{
  "benchmark": "mathvista",
  "method": "stratified_eviction",
  "compression_ratio": 0.7,
  "vision_weight": 0.3,
  "accuracy": 28.999999999999996,
  "correct": 290,
  "total": 1000,
  "avg_prefill_ms": 295.8123365020752,
  "avg_decode_ms": 343.03750856018064,
  "avg_peak_mem_gb": 9.01468642969601,
  "avg_throughput": 9.726036004165788,
  "avg_img_tokens": 429.661
}