{
  "benchmark": "mathvista",
  "method": "stratified_eviction",
  "compression_ratio": 0.5,
  "vision_weight": 0.2,
  "accuracy": 33.900000000000006,
  "correct": 339,
  "total": 1000,
  "avg_prefill_ms": 292.8582019958496,
  "avg_decode_ms": 325.55900701904295,
  "avg_peak_mem_gb": 9.022679330304008,
  "avg_throughput": 9.778060160215011,
  "avg_img_tokens": 429.661
}