{
  "benchmark": "mathvista",
  "method": "stratified_eviction",
  "compression_ratio": 0.3,
  "vision_weight": 0.5,
  "accuracy": 35.8,
  "correct": 358,
  "total": 1000,
  "avg_prefill_ms": 292.9230511169434,
  "avg_decode_ms": 325.4281697845459,
  "avg_peak_mem_gb": 9.037881715200001,
  "avg_throughput": 9.636811581522958,
  "avg_img_tokens": 429.661
}