{
  "benchmark": "mathvista",
  "method": "h2o",
  "compression_ratio": 0.5,
  "vision_weight": null,
  "accuracy": 34.0,
  "correct": 340,
  "total": 1000,
  "avg_prefill_ms": 289.24489950561525,
  "avg_decode_ms": 323.8185999755859,
  "avg_peak_mem_gb": 9.022677911040006,
  "avg_throughput": 9.994689267086423,
  "avg_img_tokens": 429.661
}