{
  "benchmark": "mathvista",
  "method": "stratified_eviction",
  "compression_ratio": 0.3,
  "vision_weight": 0.3,
  "accuracy": 35.8,
  "correct": 358,
  "total": 1000,
  "avg_prefill_ms": 293.7135981903076,
  "avg_decode_ms": 324.1594033355713,
  "avg_peak_mem_gb": 9.037881715200001,
  "avg_throughput": 9.671617026884842,
  "avg_img_tokens": 429.661
}