{
  "benchmark": "mathvista",
  "method": "h2o",
  "compression_ratio": 0.3,
  "vision_weight": null,
  "accuracy": 35.699999999999996,
  "correct": 357,
  "total": 1000,
  "avg_prefill_ms": 287.34215737915036,
  "avg_decode_ms": 321.1998006439209,
  "avg_peak_mem_gb": 9.037881715200001,
  "avg_throughput": 9.900086147157754,
  "avg_img_tokens": 429.661
}