{
  "benchmark": "mathvista",
  "method": "stratified_eviction",
  "compression_ratio": 0.3,
  "vision_weight": 0.2,
  "accuracy": 35.8,
  "correct": 358,
  "total": 1000,
  "avg_prefill_ms": 290.36588259887696,
  "avg_decode_ms": 317.88526400756837,
  "avg_peak_mem_gb": 9.037881715200001,
  "avg_throughput": 9.800754082975647,
  "avg_img_tokens": 429.661
}