{
  "benchmark": "mmmu",
  "method": "h2o",
  "compression_ratio": 0.3,
  "vision_weight": null,
  "accuracy": 46.111111111111114,
  "correct": 415,
  "total": 900,
  "avg_prefill_ms": 276.97402501424153,
  "avg_decode_ms": 188.76377673678928,
  "avg_peak_mem_gb": 9.046844645262217,
  "avg_throughput": 8.890753221803772,
  "avg_img_tokens": 464.24555555555554
}