{
  "benchmark": "mmmu",
  "method": "stratified_eviction",
  "compression_ratio": 0.7,
  "vision_weight": 0.3,
  "accuracy": 46.111111111111114,
  "correct": 415,
  "total": 900,
  "avg_prefill_ms": 280.84192370944555,
  "avg_decode_ms": 190.20091888427734,
  "avg_peak_mem_gb": 9.018266665528891,
  "avg_throughput": 8.8643182345754,
  "avg_img_tokens": 464.24555555555554
}