{
  "benchmark": "mmmu",
  "method": "h2o",
  "compression_ratio": 0.7,
  "vision_weight": null,
  "accuracy": 46.22222222222222,
  "correct": 416,
  "total": 900,
  "avg_prefill_ms": 273.96691867404513,
  "avg_decode_ms": 187.83607113308378,
  "avg_peak_mem_gb": 9.018266665528891,
  "avg_throughput": 9.049186920752124,
  "avg_img_tokens": 464.24555555555554
}