{
  "benchmark": "mmmu",
  "method": "stratified_eviction",
  "compression_ratio": 0.7,
  "vision_weight": 0.2,
  "accuracy": 46.111111111111114,
  "correct": 415,
  "total": 900,
  "avg_prefill_ms": 279.92007498847113,
  "avg_decode_ms": 189.39350582546658,
  "avg_peak_mem_gb": 9.018266665528891,
  "avg_throughput": 8.887833520756844,
  "avg_img_tokens": 464.24555555555554
}