{
  "benchmark": "mmmu",
  "method": "stratified_eviction",
  "compression_ratio": 0.7,
  "vision_weight": 0.5,
  "accuracy": 46.111111111111114,
  "correct": 415,
  "total": 900,
  "avg_prefill_ms": 285.91716250949435,
  "avg_decode_ms": 191.46406285603842,
  "avg_peak_mem_gb": 9.018266665528891,
  "avg_throughput": 8.733989284642753,
  "avg_img_tokens": 464.24555555555554
}