{
  "benchmark": "mmmu",
  "method": "h2o",
  "compression_ratio": 0.5,
  "vision_weight": null,
  "accuracy": 46.33333333333333,
  "correct": 417,
  "total": 900,
  "avg_prefill_ms": 279.889175567627,
  "avg_decode_ms": 189.73569593641494,
  "avg_peak_mem_gb": 9.027840831715562,
  "avg_throughput": 8.811344230489226,
  "avg_img_tokens": 464.24555555555554
}