{
  "benchmark": "mmmu",
  "method": "stratified_eviction",
  "compression_ratio": 0.5,
  "vision_weight": 0.5,
  "accuracy": 46.33333333333333,
  "correct": 417,
  "total": 900,
  "avg_prefill_ms": 280.6258717007107,
  "avg_decode_ms": 188.7840426127116,
  "avg_peak_mem_gb": 9.027840831715562,
  "avg_throughput": 8.771918722850486,
  "avg_img_tokens": 464.24555555555554
}