{
  "benchmark": "mmmu",
  "method": "stratified_eviction",
  "compression_ratio": 0.3,
  "vision_weight": 0.2,
  "accuracy": 46.111111111111114,
  "correct": 415,
  "total": 900,
  "avg_prefill_ms": 279.04086583455404,
  "avg_decode_ms": 185.80824651082358,
  "avg_peak_mem_gb": 9.046844645262217,
  "avg_throughput": 8.846866689625394,
  "avg_img_tokens": 464.24555555555554
}