{
  "benchmark": "mmmu",
  "method": "stratified_eviction",
  "compression_ratio": 0.3,
  "vision_weight": 0.3,
  "accuracy": 46.111111111111114,
  "correct": 415,
  "total": 900,
  "avg_prefill_ms": 277.1279305352105,
  "avg_decode_ms": 189.0528807237413,
  "avg_peak_mem_gb": 9.046844645262217,
  "avg_throughput": 8.780293839889776,
  "avg_img_tokens": 464.24555555555554
}