{
  "benchmark": "mmmu",
  "method": "stratified_eviction",
  "compression_ratio": 0.5,
  "vision_weight": 0.3,
  "accuracy": 46.33333333333333,
  "correct": 417,
  "total": 900,
  "avg_prefill_ms": 275.16780056423613,
  "avg_decode_ms": 184.552400004069,
  "avg_peak_mem_gb": 9.027840831715562,
  "avg_throughput": 8.952810790481173,
  "avg_img_tokens": 464.24555555555554
}