{
  "benchmark": "mmmu",
  "method": "stratified_eviction",
  "compression_ratio": 0.3,
  "vision_weight": 0.5,
  "accuracy": 46.111111111111114,
  "correct": 415,
  "total": 900,
  "avg_prefill_ms": 278.96831397162543,
  "avg_decode_ms": 190.59763936360676,
  "avg_peak_mem_gb": 9.046844645262217,
  "avg_throughput": 8.702856774935457,
  "avg_img_tokens": 464.24555555555554
}