{
  "benchmark": "mmmu",
  "method": "stratified_eviction",
  "compression_ratio": 0.5,
  "vision_weight": 0.2,
  "accuracy": 46.33333333333333,
  "correct": 417,
  "total": 900,
  "avg_prefill_ms": 278.2592310078939,
  "avg_decode_ms": 186.90843641493055,
  "avg_peak_mem_gb": 9.027840831715562,
  "avg_throughput": 8.850786144075107,
  "avg_img_tokens": 464.24555555555554
}