{
  "benchmark": "realworldqa",
  "method": "stratified_eviction",
  "compression_ratio": 0.3,
  "vision_weight": 0.2,
  "accuracy": 71.63398692810458,
  "correct": 548,
  "total": 765,
  "avg_prefill_ms": 533.2665923872804,
  "avg_decode_ms": 82.26800002553105,
  "avg_peak_mem_gb": 9.21564111142485,
  "avg_throughput": 3.5212013897127816,
  "avg_img_tokens": 1295.9607843137255
}