{
  "benchmark": "realworldqa",
  "method": "stratified_eviction",
  "compression_ratio": 0.7,
  "vision_weight": 0.5,
  "accuracy": 71.50326797385621,
  "correct": 547,
  "total": 765,
  "avg_prefill_ms": 526.6150947919858,
  "avg_decode_ms": 72.56881827560126,
  "avg_peak_mem_gb": 9.158405203660108,
  "avg_throughput": 3.6006691595714364,
  "avg_img_tokens": 1295.9607843137255
}