{
  "benchmark": "realworldqa",
  "method": "stratified_eviction",
  "compression_ratio": 0.7,
  "vision_weight": 0.2,
  "accuracy": 71.50326797385621,
  "correct": 547,
  "total": 765,
  "avg_prefill_ms": 524.381179610109,
  "avg_decode_ms": 73.35565656275531,
  "avg_peak_mem_gb": 9.158405203660108,
  "avg_throughput": 3.6020679773310267,
  "avg_img_tokens": 1295.9607843137255
}