{
  "benchmark": "realworldqa",
  "method": "h2o",
  "compression_ratio": 0.7,
  "vision_weight": null,
  "accuracy": 71.50326797385621,
  "correct": 547,
  "total": 765,
  "avg_prefill_ms": 526.2295117147607,
  "avg_decode_ms": 81.22269674064287,
  "avg_peak_mem_gb": 9.158405203660108,
  "avg_throughput": 3.563869242159846,
  "avg_img_tokens": 1295.9607843137255
}