{
  "benchmark": "realworldqa",
  "method": "stratified_eviction",
  "compression_ratio": 0.7,
  "vision_weight": 0.3,
  "accuracy": 71.50326797385621,
  "correct": 547,
  "total": 765,
  "avg_prefill_ms": 527.9202911576415,
  "avg_decode_ms": 77.48516141604753,
  "avg_peak_mem_gb": 9.158405203660108,
  "avg_throughput": 3.565089111107903,
  "avg_img_tokens": 1295.9607843137255
}