{
  "benchmark": "realworldqa",
  "method": "h2o",
  "compression_ratio": 0.5,
  "vision_weight": null,
  "accuracy": 71.63398692810458,
  "correct": 548,
  "total": 765,
  "avg_prefill_ms": 522.0619330312692,
  "avg_decode_ms": 75.07624874738306,
  "avg_peak_mem_gb": 9.16021318542223,
  "avg_throughput": 3.6141789586404403,
  "avg_img_tokens": 1295.9607843137255
}