{
  "benchmark": "realworldqa",
  "method": "stratified_eviction",
  "compression_ratio": 0.5,
  "vision_weight": 0.2,
  "accuracy": 71.63398692810458,
  "correct": 548,
  "total": 765,
  "avg_prefill_ms": 521.2936189938215,
  "avg_decode_ms": 72.03571480146421,
  "avg_peak_mem_gb": 9.16021318542223,
  "avg_throughput": 3.630835926233332,
  "avg_img_tokens": 1295.9607843137255
}