{
  "benchmark": "realworldqa",
  "method": "stratified_eviction",
  "compression_ratio": 0.3,
  "vision_weight": 0.5,
  "accuracy": 71.63398692810458,
  "correct": 548,
  "total": 765,
  "avg_prefill_ms": 532.4562643412671,
  "avg_decode_ms": 73.32886143104703,
  "avg_peak_mem_gb": 9.21564111142485,
  "avg_throughput": 3.5641619958134796,
  "avg_img_tokens": 1295.9607843137255
}