{
  "benchmark": "realworldqa",
  "method": "h2o",
  "compression_ratio": 0.3,
  "vision_weight": null,
  "accuracy": 71.63398692810458,
  "correct": 548,
  "total": 765,
  "avg_prefill_ms": 517.7989593106937,
  "avg_decode_ms": 75.38592345792483,
  "avg_peak_mem_gb": 9.21564111142485,
  "avg_throughput": 3.649885096052,
  "avg_img_tokens": 1295.9607843137255
}