{
  "benchmark": "realworldqa",
  "method": "stratified_eviction",
  "compression_ratio": 0.5,
  "vision_weight": 0.5,
  "accuracy": 71.63398692810458,
  "correct": 548,
  "total": 765,
  "avg_prefill_ms": 530.3598593917548,
  "avg_decode_ms": 73.87958465775633,
  "avg_peak_mem_gb": 9.16021318542223,
  "avg_throughput": 3.569508389202659,
  "avg_img_tokens": 1295.9607843137255
}