{
  "benchmark": "realworldqa",
  "method": "stratified_eviction",
  "compression_ratio": 0.3,
  "vision_weight": 0.3,
  "accuracy": 71.63398692810458,
  "correct": 548,
  "total": 765,
  "avg_prefill_ms": 526.4998612547232,
  "avg_decode_ms": 73.83561732472937,
  "avg_peak_mem_gb": 9.21564111142485,
  "avg_throughput": 3.599673988673034,
  "avg_img_tokens": 1295.9607843137255
}