{
  "benchmark": "realworldqa",
  "method": "stratified_eviction",
  "compression_ratio": 0.5,
  "vision_weight": 0.3,
  "accuracy": 71.63398692810458,
  "correct": 548,
  "total": 765,
  "avg_prefill_ms": 533.0399349038117,
  "avg_decode_ms": 79.4579607396344,
  "avg_peak_mem_gb": 9.16021318542223,
  "avg_throughput": 3.522180864897785,
  "avg_img_tokens": 1295.9607843137255
}